Variable,April,July,Difference,% Change
Rainfall (mm),0.6118296296335757,7.834631018340588,7.222801388707012,1180.5249433625409
Soil Moisture,0.22142329812049866,0.4107164144515991,0.18929311633110046,85.48924974827494
Temperature (°C),32.7447448730469,25.100488281250023,-7.644256591796875,-23.344987482522956
Boundary Layer Height (m),1096.843017578125,743.5782470703125,-353.2647705078125,-32.20741390028956
